family,rung_a,rung_b,quadrant,n,p_a,p_b,joint,phi,ci_low,ci_high,phi_2023,phi_2024,phi_2025,phi_2026
starter_er,k>=5,er<=1,both,16477,0.540693,0.372580,0.242216,0.169189,,,0.152493,0.174672,0.192745,0.148727
starter_er,k>=5,er<=2,both,16477,0.540693,0.569278,0.356861,0.198795,,,0.183203,0.202776,0.216976,0.189811
starter_er,k>=5,er<=3,both,16477,0.540693,0.722826,0.434302,0.194906,,,0.186790,0.196697,0.210651,0.181167
starter_hits_allowed,k>=5,hits<=5,both,16477,0.540693,0.605389,0.361291,0.139431,,,0.127264,0.158873,0.155594,0.101876
starter_hits_allowed,k>=5,hits<=6,both,16477,0.540693,0.753657,0.438247,0.143207,,,0.146574,0.145844,0.156077,0.112277
starter_hits_allowed,k>=5,hits<=7,both,16477,0.540693,0.866177,0.490623,0.131360,,,0.139054,0.120529,0.150680,0.103588
deep_start,k>=5,outs>=18,both,16477,0.540693,0.581841,0.380470,0.267980,,,0.299116,0.272629,0.247965,0.240925
starter_er,k>=6,er<=1,both,16477,0.384111,0.372580,0.185713,0.181157,0.164387,0.196688,0.165341,0.188877,0.198319,0.165707
starter_er,k>=6,er<=2,both,16477,0.384111,0.569278,0.266250,0.197569,0.182171,0.214492,0.176820,0.210305,0.207388,0.196088
starter_er,k>=6,er<=3,both,16477,0.384111,0.722826,0.318626,0.188237,0.174814,0.204534,0.181551,0.181597,0.204592,0.184861
starter_hits_allowed,k>=6,hits<=5,both,16477,0.384111,0.605389,0.267585,0.147430,0.133449,0.164066,0.141490,0.150381,0.163689,0.127497
starter_hits_allowed,k>=6,hits<=6,both,16477,0.384111,0.753657,0.319172,0.141641,0.126077,0.157697,0.136391,0.131986,0.162114,0.134598
starter_hits_allowed,k>=6,hits<=7,both,16477,0.384111,0.866177,0.352977,0.122398,0.108614,0.137256,0.121038,0.106658,0.148281,0.108724
deep_start,k>=6,outs>=18,both,16477,0.384111,0.581841,0.285853,0.259933,0.243063,0.276158,0.288968,0.251809,0.249128,0.241650
starter_er,k>=7,er<=1,both,16477,0.249439,0.372580,0.128786,0.171365,,,0.170225,0.175255,0.167428,0.174893
starter_er,k>=7,er<=2,both,16477,0.249439,0.569278,0.180191,0.178246,,,0.172098,0.178719,0.182930,0.182844
starter_er,k>=7,er<=3,both,16477,0.249439,0.722826,0.212599,0.166770,,,0.165103,0.164193,0.177476,0.158420
starter_hits_allowed,k>=7,hits<=5,both,16477,0.249439,0.605389,0.180251,0.138279,,,0.149494,0.126695,0.152206,0.118488
starter_hits_allowed,k>=7,hits<=6,both,16477,0.249439,0.753657,0.212235,0.130040,,,0.136898,0.125721,0.145948,0.100086
starter_hits_allowed,k>=7,hits<=7,both,16477,0.249439,0.866177,0.232506,0.111652,,,0.113593,0.097562,0.139686,0.085664
deep_start,k>=7,outs>=18,both,16477,0.249439,0.581841,0.197548,0.245586,,,0.273901,0.236206,0.233849,0.232502
starter_er,k>=line,er<=1,both,16477,0.570492,0.372580,0.247861,0.147522,,,0.144490,0.151762,0.148172,0.143710
starter_er,k>=line,er<=2,both,16477,0.570492,0.569278,0.365843,0.167572,,,0.160744,0.170822,0.174666,0.161157
starter_er,k>=line,er<=3,both,16477,0.570492,0.722826,0.450325,0.171318,,,0.169938,0.170214,0.181877,0.157044
starter_hits_allowed,k>=line,hits<=5,both,16477,0.570492,0.605389,0.374704,0.121245,,,0.132187,0.124234,0.121844,0.095698
starter_hits_allowed,k>=line,hits<=6,both,16477,0.570492,0.753657,0.456272,0.123388,,,0.130911,0.112831,0.132067,0.112430
starter_hits_allowed,k>=line,hits<=7,both,16477,0.570492,0.866177,0.513382,0.114134,,,0.135776,0.088214,0.129102,0.092726
deep_start,k>=line,outs>=18,both,16477,0.570492,0.581841,0.382230,0.205983,,,0.211903,0.216279,0.206387,0.177217
outpitch,k>=5,my_er<their_er,both,12992,0.535099,0.500000,0.306881,0.157717,,,0.146176,0.166844,0.164246,0.150851
combined_starter_er,k>=5,combined_er<=4,both,15544,0.538986,0.478255,0.285962,0.113209,,,0.119098,0.088362,0.140451,0.100526
combined_starter_er,k>=5,combined_er<=5,both,15544,0.538986,0.607180,0.355507,0.116024,,,0.104728,0.110698,0.142289,0.102359
combined_starter_er,k>=5,combined_er<=6,both,15544,0.538986,0.721693,0.415723,0.119697,,,0.114153,0.119061,0.135711,0.105553
team_k_thrown,k>=5,team_k>=7,both,15544,0.538986,0.694931,0.495883,0.528608,,,0.508374,0.542256,0.521303,0.552799
team_k_thrown,k>=5,team_k>=8,both,15544,0.538986,0.559894,0.433736,0.533297,,,0.501650,0.553854,0.531473,0.556138
team_k_thrown,k>=5,team_k>=9,both,15544,0.538986,0.424858,0.352869,0.502729,,,0.493717,0.510417,0.502510,0.504990
team_hits_allowed,k>=5,team_hits<=7,both,15544,0.538986,0.480957,0.306034,0.187929,,,0.182911,0.202354,0.189028,0.171460
team_hits_allowed,k>=5,team_hits<=8,both,15544,0.538986,0.598559,0.371076,0.198326,,,0.207628,0.194927,0.198654,0.188486
team_hits_allowed,k>=5,team_hits<=9,both,15544,0.538986,0.704709,0.424537,0.196613,,,0.201756,0.194391,0.197560,0.190523
outpitch,k>=6,my_er<their_er,both,12992,0.378233,0.500000,0.229295,0.165703,0.147527,0.182110,0.151680,0.172596,0.185762,0.143087
combined_starter_er,k>=6,combined_er<=4,both,15544,0.382141,0.478255,0.211464,0.118254,0.102874,0.134079,0.120584,0.100139,0.130497,0.124791
combined_starter_er,k>=6,combined_er<=5,both,15544,0.382141,0.607180,0.259328,0.115041,0.100574,0.130575,0.109206,0.112483,0.127124,0.110115
combined_starter_er,k>=6,combined_er<=6,both,15544,0.382141,0.721693,0.299408,0.108462,0.092687,0.123968,0.110817,0.099339,0.119502,0.101676
team_k_thrown,k>=6,team_k>=7,both,15544,0.382141,0.694931,0.372941,0.479950,0.470491,0.490490,0.456874,0.493467,0.479331,0.498425
team_k_thrown,k>=6,team_k>=8,both,15544,0.382141,0.559894,0.344635,0.541761,0.529830,0.553692,0.516872,0.551626,0.545335,0.562632
team_k_thrown,k>=6,team_k>=9,both,15544,0.382141,0.424858,0.293489,0.545944,0.531209,0.560171,0.540182,0.543964,0.557835,0.538506
team_hits_allowed,k>=6,team_hits<=7,both,15544,0.382141,0.480957,0.231665,0.197181,0.181555,0.214056,0.185615,0.221468,0.192849,0.182575
team_hits_allowed,k>=6,team_hits<=8,both,15544,0.382141,0.598559,0.275605,0.196780,0.182198,0.210769,0.202099,0.200866,0.189407,0.193232
team_hits_allowed,k>=6,team_hits<=9,both,15544,0.382141,0.704709,0.311503,0.190403,0.175480,0.205146,0.192702,0.191095,0.192005,0.182224
outpitch,k>=7,my_er<their_er,both,12992,0.244920,0.500000,0.155634,0.154285,,,0.152411,0.168485,0.148752,0.142301
combined_starter_er,k>=7,combined_er<=4,both,15544,0.248006,0.478255,0.140504,0.101493,,,0.099298,0.085593,0.117262,0.107865
combined_starter_er,k>=7,combined_er<=5,both,15544,0.248006,0.607180,0.171449,0.098928,,,0.089347,0.096960,0.116686,0.091293
combined_starter_er,k>=7,combined_er<=6,both,15544,0.248006,0.721693,0.197054,0.093362,,,0.097377,0.084578,0.106911,0.079799
team_k_thrown,k>=7,team_k>=7,both,15544,0.248006,0.694931,0.247491,0.377910,,,0.361380,0.388046,0.380262,0.384646
team_k_thrown,k>=7,team_k>=8,both,15544,0.248006,0.559894,0.239063,0.467440,,,0.447826,0.466807,0.472743,0.494219
team_k_thrown,k>=7,team_k>=9,both,15544,0.248006,0.424858,0.218477,0.529847,,,0.524242,0.530586,0.539152,0.521697
team_hits_allowed,k>=7,team_hits<=7,both,15544,0.248006,0.480957,0.160062,0.189004,,,0.190679,0.202268,0.184407,0.171819
team_hits_allowed,k>=7,team_hits<=8,both,15544,0.248006,0.598559,0.188690,0.190108,,,0.197993,0.192992,0.183091,0.183944
team_hits_allowed,k>=7,team_hits<=9,both,15544,0.248006,0.704709,0.208762,0.172539,,,0.181020,0.173825,0.178225,0.145069
outpitch,k>=line,my_er<their_er,both,12992,0.564732,0.500000,0.318042,0.143914,,,0.137378,0.139975,0.148211,0.154978
combined_starter_er,k>=line,combined_er<=4,both,15544,0.568901,0.478255,0.297092,0.101108,,,0.106367,0.091514,0.113833,0.084949
combined_starter_er,k>=line,combined_er<=5,both,15544,0.568901,0.607180,0.370754,0.104725,,,0.101569,0.103806,0.131625,0.062563
combined_starter_er,k>=line,combined_er<=6,both,15544,0.568901,0.721693,0.434315,0.106979,,,0.103901,0.102984,0.124960,0.086546
team_k_thrown,k>=line,team_k>=7,both,15544,0.568901,0.694931,0.498520,0.452472,,,0.421578,0.475909,0.457485,0.458569
team_k_thrown,k>=line,team_k>=8,both,15544,0.568901,0.559894,0.431227,0.458455,,,0.425455,0.475613,0.476660,0.457232
team_k_thrown,k>=line,team_k>=9,both,15544,0.568901,0.424858,0.349138,0.438865,,,0.428743,0.439503,0.447155,0.442682
team_hits_allowed,k>=line,team_hits<=7,both,15544,0.568901,0.480957,0.312210,0.155973,,,0.145256,0.166793,0.157119,0.153020
team_hits_allowed,k>=line,team_hits<=8,both,15544,0.568901,0.598559,0.379825,0.161908,,,0.166719,0.152554,0.166713,0.160289
team_hits_allowed,k>=line,team_hits<=9,both,15544,0.568901,0.704709,0.436567,0.157838,,,0.157647,0.149103,0.169639,0.151785
batter_k,k>=5,batter_k>=1,both,139896,0.538986,0.621633,0.378545,0.179911,,,0.173923,0.181697,0.181052,0.184704
batter_k_pa3,k>=5,batter_k>=1,both,134361,0.537135,0.628144,0.380542,0.179034,,,0.173311,0.181815,0.179426,0.183075
batter_hits,k>=5,batter_hits<=1,both,139896,0.538986,0.781452,0.438662,0.084804,,,0.092258,0.085386,0.083781,0.072626
batter_hits_pa3,k>=5,batter_hits<=1,both,134361,0.537135,0.773230,0.433035,0.084801,,,0.092143,0.085653,0.083734,0.072201
batter_k,k>=6,batter_k>=1,both,139896,0.382141,0.621633,0.279322,0.177250,0.172049,0.181699,0.169625,0.182763,0.179538,0.176652
batter_k_pa3,k>=6,batter_k>=1,both,134361,0.380490,0.628144,0.280327,0.176115,0.170796,0.180418,0.168605,0.183485,0.177578,0.173539
batter_hits,k>=6,batter_hits<=1,both,139896,0.382141,0.781452,0.315163,0.082357,0.076494,0.088431,0.085673,0.084698,0.082434,0.071884
batter_hits_pa3,k>=6,batter_hits<=1,both,134361,0.380490,0.773230,0.310983,0.082521,0.076559,0.088797,0.085296,0.084912,0.082856,0.072282
batter_k,k>=7,batter_k>=1,both,139896,0.248006,0.621633,0.189112,0.166841,,,0.164514,0.171569,0.166208,0.163332
batter_k_pa3,k>=7,batter_k>=1,both,134361,0.246671,0.628144,0.189475,0.165739,,,0.163514,0.171571,0.165290,0.159742
batter_hits,k>=7,batter_hits<=1,both,139896,0.248006,0.781452,0.207468,0.076562,,,0.083002,0.078324,0.073828,0.066721
batter_hits_pa3,k>=7,batter_hits<=1,both,134361,0.246671,0.773230,0.204591,0.076766,,,0.082544,0.078747,0.074383,0.066927
batter_k,k>=line,batter_k>=1,both,139896,0.568901,0.621633,0.391934,0.159408,,,0.151765,0.163787,0.162338,0.160532
batter_k_pa3,k>=line,batter_k>=1,both,134361,0.566809,0.628144,0.394155,0.159164,,,0.151768,0.163891,0.161671,0.159983
batter_hits,k>=line,batter_hits<=1,both,139896,0.568901,0.781452,0.458198,0.066592,,,0.068342,0.067856,0.068873,0.056509
batter_hits_pa3,k>=line,batter_hits<=1,both,134361,0.566809,0.773230,0.451962,0.065967,,,0.066931,0.067772,0.068616,0.055593
duel_control,k>=6,their_k>=6,both,15544,0.382141,0.382141,0.142949,-0.013056,-0.029737,0.003448,0.009225,-0.063665,0.010961,-0.006849
